{
  "Bird-drop": {
    "precision": 0.9310344827586207,
    "recall": 0.8709677419354839,
    "f1-score": 0.9,
    "support": 31.0
  },
  "Clean": {
    "precision": 0.9,
    "recall": 0.9310344827586207,
    "f1-score": 0.9152542372881356,
    "support": 29.0
  },
  "Dusty": {
    "precision": 0.9333333333333333,
    "recall": 0.9655172413793104,
    "f1-score": 0.9491525423728814,
    "support": 29.0
  },
  "Electrical-damage": {
    "precision": 0.9166666666666666,
    "recall": 0.7333333333333333,
    "f1-score": 0.8148148148148148,
    "support": 15.0
  },
  "Physical-Damage": {
    "precision": 0.75,
    "recall": 0.9,
    "f1-score": 0.8181818181818182,
    "support": 10.0
  },
  "Snow-Covered": {
    "precision": 0.95,
    "recall": 1.0,
    "f1-score": 0.9743589743589743,
    "support": 19.0
  },
  "accuracy": 0.9097744360902256,
  "macro avg": {
    "precision": 0.8968390804597702,
    "recall": 0.900142133234458,
    "f1-score": 0.8952937311694374,
    "support": 133.0
  },
  "weighted avg": {
    "precision": 0.9122461325728113,
    "recall": 0.9097744360902256,
    "f1-score": 0.9089071994513566,
    "support": 133.0
  }
}